Rank,Title,Year,Duration,Rating,Poster_URL
1,The Shawshank Redemption,1994,2h 22m,9.3 (3.2M),"https://m.media-amazon.com/images/M/MV5BMDAyY2FhYjctNDc5OS00MDNlLThiMGUtY2UxYWVkNGY2ZjljXkEyXkFqcGc@._V1_QL75_UX90_CR0,1,90,133_.jpg"
2,The Godfather,1972,2h 55m,9.2 (2.2M),"https://m.media-amazon.com/images/M/MV5BNGEwYjgwOGQtYjg5ZS00Njc1LTk2ZGEtM2QwZWQ2NjdhZTE5XkEyXkFqcGc@._V1_QL75_UY133_CR2,0,90,133_.jpg"
3,The Dark Knight,2008,2h 32m,9.1 (3.1M),"https://m.media-amazon.com/images/M/MV5BMTMxNTMwODM0NF5BMl5BanBnXkFtZTcwODAyMTk2Mw@@._V1_QL75_UX90_CR0,0,90,133_.jpg"
4,The Godfather Part II,1974,3h 22m,9.0 (1.5M),"https://m.media-amazon.com/images/M/MV5BMDIxMzBlZDktZjMxNy00ZGI4LTgxNDEtYWRlNzRjMjJmOGQ1XkEyXkFqcGc@._V1_QL75_UX90_CR0,1,90,133_.jpg"
5,12 Angry Men,1957,1h 36m,9.0 (975K),"https://m.media-amazon.com/images/M/MV5BYjE4NzdmOTYtYjc5Yi00YzBiLWEzNDEtNTgxZGQ2MWVkN2NiXkEyXkFqcGc@._V1_QL75_UX90_CR0,3,90,133_.jpg"
6,The Lord of the Rings: The Return of the King,2003,3h 21m,9.0 (2.1M),"https://m.media-amazon.com/images/M/MV5BMTZkMjBjNWMtZGI5OC00MGU0LTk4ZTItODg2NWM3NTVmNWQ4XkEyXkFqcGc@._V1_QL75_UX90_CR0,0,90,133_.jpg"
7,Schindler's List,1993,3h 15m,9.0 (1.6M),"https://m.media-amazon.com/images/M/MV5BNjM1ZDQxYWUtMzQyZS00MTE1LWJmZGYtNGUyNTdlYjM3ZmVmXkEyXkFqcGc@._V1_QL75_UX90_CR0,1,90,133_.jpg"
8,The Lord of the Rings: The Fellowship of the Ring,2001,2h 58m,8.9 (2.2M),"https://m.media-amazon.com/images/M/MV5BNzIxMDQ2YTctNDY4MC00ZTRhLTk4ODQtMTVlOWY4NTdiYmMwXkEyXkFqcGc@._V1_QL75_UX90_CR0,0,90,133_.jpg"
9,Pulp Fiction,1994,2h 34m,8.8 (2.4M),"https://m.media-amazon.com/images/M/MV5BYTViYTE3ZGQtNDBlMC00ZTAyLTkyODMtZGRiZDg0MjA2YThkXkEyXkFqcGc@._V1_QL75_UY133_CR1,0,90,133_.jpg"
10,"The Good, the Bad and the Ugly",1966,2h 58m,8.8 (886K),"https://m.media-amazon.com/images/M/MV5BMWM5ZjQxM2YtNDlmYi00ZDNhLWI4MWUtN2VkYjBlMTY1ZTkwXkEyXkFqcGc@._V1_QL75_UX90_CR0,1,90,133_.jpg"
11,The Lord of the Rings: The Two Towers,2002,2h 59m,8.8 (1.9M),"https://m.media-amazon.com/images/M/MV5BMGQxMDdiOWUtYjc1Ni00YzM1LWE2NjMtZTg3Y2JkMjEzMTJjXkEyXkFqcGc@._V1_QL75_UX90_CR0,3,90,133_.jpg"
12,Forrest Gump,1994,2h 22m,8.8 (2.5M),"https://m.media-amazon.com/images/M/MV5BNDYwNzVjMTItZmU5YS00YjQ5LTljYjgtMjY2NDVmYWMyNWFmXkEyXkFqcGc@._V1_QL75_UY133_CR1,0,90,133_.jpg"
13,Fight Club,1999,2h 19m,8.8 (2.6M),"https://m.media-amazon.com/images/M/MV5BOTgyOGQ1NDItNGU3Ny00MjU3LTg2YWEtNmEyYjBiMjI1Y2M5XkEyXkFqcGc@._V1_QL75_UX90_CR0,1,90,133_.jpg"
14,Inception,2010,2h 28m,8.8 (2.8M),"https://m.media-amazon.com/images/M/MV5BMjAxMzY3NjcxNF5BMl5BanBnXkFtZTcwNTI5OTM0Mw@@._V1_QL75_UX90_CR0,0,90,133_.jpg"
15,Star Wars: Episode V - The Empire Strikes Back,1980,2h 4m,8.7 (1.5M),"https://m.media-amazon.com/images/M/MV5BMTkxNGFlNDktZmJkNC00MDdhLTg0MTEtZjZiYWI3MGE5NWIwXkEyXkFqcGc@._V1_QL75_UX90_CR0,3,90,133_.jpg"
16,The Matrix,1999,2h 16m,8.7 (2.2M),"https://m.media-amazon.com/images/M/MV5BN2NmN2VhMTQtMDNiOS00NDlhLTliMjgtODE2ZTY0ODQyNDRhXkEyXkFqcGc@._V1_QL75_UX90_CR0,1,90,133_.jpg"
17,Goodfellas,1990,2h 25m,8.7 (1.4M),"https://m.media-amazon.com/images/M/MV5BN2E5NzI2ZGMtY2VjNi00YTRjLWI1MDUtZGY5OWU1MWJjZjRjXkEyXkFqcGc@._V1_QL75_UX90_CR0,1,90,133_.jpg"
18,Interstellar,2014,2h 49m,8.7 (2.5M),"https://m.media-amazon.com/images/M/MV5BYzdjMDAxZGItMjI2My00ODA1LTlkNzItOWFjMDU5ZDJlYWY3XkEyXkFqcGc@._V1_QL75_UX90_CR0,0,90,133_.jpg"
19,One Flew Over the Cuckoo's Nest,1975,2h 13m,8.6 (1.2M),"https://m.media-amazon.com/images/M/MV5BYjBkMjgzMzYtNzRiMS00NDc3LWE4YTUtZjYxYjZhNjNhYzhhXkEyXkFqcGc@._V1_QL75_UX90_CR0,0,90,133_.jpg"
20,Se7en,1995,2h 7m,8.6 (2M),"https://m.media-amazon.com/images/M/MV5BY2IzNzMxZjctZjUxZi00YzAxLTk3ZjMtODFjODdhMDU5NDM1XkEyXkFqcGc@._V1_QL75_UX90_CR0,4,90,133_.jpg"
21,It's a Wonderful Life,1946,2h 10m,8.6 (552K),"https://m.media-amazon.com/images/M/MV5BMDM4OWFhYjEtNTE5Yy00NjcyLTg5N2UtZDQwNDZlYjlmNDU5XkEyXkFqcGc@._V1_QL75_UY133_CR1,0,90,133_.jpg"
22,The Silence of the Lambs,1991,1h 58m,8.6 (1.7M),"https://m.media-amazon.com/images/M/MV5BNDdhOGJhYzctYzYwZC00YmI2LWI0MjctYjg4ODdlMDExYjBlXkEyXkFqcGc@._V1_QL75_UY133_CR0,0,90,133_.jpg"
23,Seven Samurai,1954,3h 27m,8.6 (400K),"https://m.media-amazon.com/images/M/MV5BZjliMWExOTMtZDQ3ZS00NWU3LWIyN2EtMjllNzk3ZTNlYzg4XkEyXkFqcGc@._V1_QL75_UY133_CR2,0,90,133_.jpg"
24,Saving Private Ryan,1998,2h 49m,8.6 (1.6M),"https://m.media-amazon.com/images/M/MV5BZGZhZGQ1ZWUtZTZjYS00MDJhLWFkYjctN2ZlYjE5NWYwZDM2XkEyXkFqcGc@._V1_QL75_UY133_CR0,0,90,133_.jpg"
25,The Green Mile,1999,3h 9m,8.6 (1.5M),"https://m.media-amazon.com/images/M/MV5BMTUxMzQyNjA5MF5BMl5BanBnXkFtZTYwOTU2NTY3._V1_QL75_UX90_CR0,0,90,133_.jpg"
26,City of God,2002,2h 10m,8.6 (865K),"https://m.media-amazon.com/images/M/MV5BYjY4NGI5OTUtY2ZlZS00Zjk4LTk5N2MtN2JmYWVjNGNmMGRlXkEyXkFqcGc@._V1_QL75_UY133_CR0,0,90,133_.jpg"
27,Life Is Beautiful,1997,1h 56m,8.6 (807K),"https://m.media-amazon.com/images/M/MV5BZTBhOGYzZjQtYzE0Mi00MGIwLWE0MWYtNzMxNTM2OTFkM2NjXkEyXkFqcGc@._V1_QL75_UX90_CR0,0,90,133_.jpg"
28,Terminator 2: Judgment Day,1991,2h 17m,8.6 (1.3M),"https://m.media-amazon.com/images/M/MV5BNGMyMGNkMDUtMjc2Ni00NWFlLTgyODEtZTY2MzBiZTg0OWZiXkEyXkFqcGc@._V1_QL75_UX90_CR0,0,90,133_.jpg"
29,Star Wars: Episode IV - A New Hope,1977,2h 1m,8.6 (1.6M),"https://m.media-amazon.com/images/M/MV5BOGUwMDk0Y2MtNjBlNi00NmRiLTk2MWYtMGMyMDlhYmI4ZDBjXkEyXkFqcGc@._V1_QL75_UX90_CR0,2,90,133_.jpg"
30,Back to the Future,1985,1h 56m,8.5 (1.4M),"https://m.media-amazon.com/images/M/MV5BZmM3ZjE0NzctNjBiOC00MDZmLTgzMTUtNGVlOWFlOTNiZDJiXkEyXkFqcGc@._V1_QL75_UX90_CR0,3,90,133_.jpg"
31,Spirited Away,2001,2h 4m,8.6 (957K),"https://m.media-amazon.com/images/M/MV5BNTEyNmEwOWUtYzkyOC00ZTQ4LTllZmUtMjk0Y2YwOGUzYjRiXkEyXkFqcGc@._V1_QL75_UX90_CR0,0,90,133_.jpg"
32,The Pianist,2002,2h 30m,8.5 (1M),"https://m.media-amazon.com/images/M/MV5BMjEwNmEwYjgtNTk3ZC00NjljLTg5ZDctZTY3ZGQwZjRkZmQxXkEyXkFqcGc@._V1_QL75_UY133_CR3,0,90,133_.jpg"
33,Gladiator,2000,2h 35m,8.5 (1.8M),"https://m.media-amazon.com/images/M/MV5BYWQ4YmNjYjEtOWE1Zi00Y2U4LWI4NTAtMTU0MjkxNWQ1ZmJiXkEyXkFqcGc@._V1_QL75_UX90_CR0,0,90,133_.jpg"
34,Parasite,2019,2h 12m,8.5 (1.1M),"https://m.media-amazon.com/images/M/MV5BYjk1Y2U4MjQtY2ZiNS00OWQyLWI3MmYtZWUwNmRjYWRiNWNhXkEyXkFqcGc@._V1_QL75_UX90_CR0,0,90,133_.jpg"
35,Grave of the Fireflies,1988,1h 28m,8.5 (379K),"https://m.media-amazon.com/images/M/MV5BNTY5MmE2OGMtN2IxNC00MDY4LTkwMGEtZDUzOTYyNWE0ZTNjXkEyXkFqcGc@._V1_QL75_UX90_CR0,1,90,133_.jpg"
36,Psycho,1960,1h 49m,8.5 (781K),"https://m.media-amazon.com/images/M/MV5BYjZhMzFiZjItODA3ZC00MmRhLWIzMGYtMmVjOWUwYTA3MTRjXkEyXkFqcGc@._V1_QL75_UX90_CR0,0,90,133_.jpg"
37,The Lion King,1994,1h 28m,8.5 (1.2M),"https://m.media-amazon.com/images/M/MV5BZGRiZDZhZjItM2M3ZC00Y2IyLTk3Y2MtMWY5YjliNDFkZTJlXkEyXkFqcGc@._V1_QL75_UX90_CR0,0,90,133_.jpg"
38,Harakiri,1962,2h 13m,8.6 (90K),"https://m.media-amazon.com/images/M/MV5BZThiZjU5ZDQtZDI4Mi00ZGYyLTkzOTktYmIzZTFlZTkxYzg5XkEyXkFqcGc@._V1_QL75_UY133_CR1,0,90,133_.jpg"
39,The Departed,2006,2h 31m,8.5 (1.5M),"https://m.media-amazon.com/images/M/MV5BMTI1MTY2OTIxNV5BMl5BanBnXkFtZTYwNjQ4NjY3._V1_QL75_UY133_CR0,0,90,133_.jpg"
40,Whiplash,2014,1h 46m,8.5 (1.1M),"https://m.media-amazon.com/images/M/MV5BMDFjOWFkYzktYzhhMC00NmYyLTkwY2EtYjViMDhmNzg0OGFkXkEyXkFqcGc@._V1_QL75_UX90_CR0,0,90,133_.jpg"
41,The Prestige,2006,2h 10m,8.5 (1.6M),"https://m.media-amazon.com/images/M/MV5BMTM3MzQ5MjQ5OF5BMl5BanBnXkFtZTcwMTQ3NzMzMw@@._V1_QL75_UY133_CR0,0,90,133_.jpg"
42,American History X,1998,1h 59m,8.5 (1.3M),"https://m.media-amazon.com/images/M/MV5BMzhiOTQ0NDItOTg0Zi00OGVmLWE0OGEtMTI4NDM0NWMxZWU4XkEyXkFqcGc@._V1_QL75_UX90_CR0,0,90,133_.jpg"
43,Léon: The Professional,1994,1h 50m,8.5 (1.3M),"https://m.media-amazon.com/images/M/MV5BNGRkYTNhOWQtYmI0Ni00MjZhLWJmMzAtMTA2Mjg4NGNiNDU0XkEyXkFqcGc@._V1_QL75_UX90_CR0,0,90,133_.jpg"
44,Spider-Man: Across the Spider-Verse,2023,2h 20m,8.5 (511K),"https://m.media-amazon.com/images/M/MV5BNThiZjA3MjItZGY5Ni00ZmJhLWEwN2EtOTBlYTA4Y2E0M2ZmXkEyXkFqcGc@._V1_QL75_UX90_CR0,0,90,133_.jpg"
45,Kill Bill: The Whole Bloody Affair,2006,4h 8m,8.8 (27K),"https://m.media-amazon.com/images/M/MV5BZDc2YzhkODAtZmRmZS00YzcxLWJkYWEtM2ZhZjY3MmMyZmJiXkEyXkFqcGc@._V1_QL75_UX90_CR0,1,90,133_.jpg"
46,Cinema Paradiso,1988,2h 54m,8.5 (315K),"https://m.media-amazon.com/images/M/MV5BMTljNzc4YWEtYTZlMS00ODMyLWIwMTAtNWQxY2VkMDEwYTk5XkEyXkFqcGc@._V1_QL75_UX90_CR0,0,90,133_.jpg"
47,Casablanca,1942,1h 42m,8.5 (652K),"https://m.media-amazon.com/images/M/MV5BNWEzN2U1YTYtYTQyMS00NTVkLWE2NGQtZWFlMmM0MDNjMmRiXkEyXkFqcGc@._V1_QL75_UX90_CR0,1,90,133_.jpg"
48,The Intouchables,2011,1h 52m,8.5 (1M),"https://m.media-amazon.com/images/M/MV5BMTYxNDA3MDQwNl5BMl5BanBnXkFtZTcwNTU4Mzc1Nw@@._V1_QL75_UX90_CR0,0,90,133_.jpg"
49,The Usual Suspects,1995,1h 46m,8.5 (1.2M),"https://m.media-amazon.com/images/M/MV5BOTE5MDUxZDUtZWZmZC00NDVmLWFhOGQtNWI2YTc4NzY3MGQ0XkEyXkFqcGc@._V1_QL75_UX90_CR0,0,90,133_.jpg"
50,Alien,1979,1h 57m,8.5 (1.1M),"https://m.media-amazon.com/images/M/MV5BN2NhMDk2MmEtZDQzOC00MmY5LThhYzAtMDdjZGFjOGZjMjdjXkEyXkFqcGc@._V1_QL75_UX90_CR0,1,90,133_.jpg"
51,Django Unchained,2012,2h 45m,8.5 (1.9M),"https://m.media-amazon.com/images/M/MV5BMjIyNTQ5NjQ1OV5BMl5BanBnXkFtZTcwODg1MDU4OA@@._V1_QL75_UX90_CR0,0,90,133_.jpg"
52,Modern Times,1936,1h 27m,8.5 (284K),"https://m.media-amazon.com/images/M/MV5BMjA4MDU2NDQwN15BMl5BanBnXkFtZTgwODUwNDI2MzE@._V1_QL75_UX90_CR0,1,90,133_.jpg"
53,Rear Window,1954,1h 52m,8.5 (566K),"https://m.media-amazon.com/images/M/MV5BODZhOWI1ODgtMzdiOS00YjNkLTgwOGUtYmIyZDg5ZmQwMzQ1XkEyXkFqcGc@._V1_QL75_UY133_CR1,0,90,133_.jpg"
54,Once Upon a Time in the West,1968,2h 25m,8.5 (382K),"https://m.media-amazon.com/images/M/MV5BZjYyNGY1MDEtN2I1MC00MGVhLTljZTYtODQ1NzQ0ODc2NzZlXkEyXkFqcGc@._V1_QL75_UX90_CR0,1,90,133_.jpg"
55,City Lights,1931,1h 27m,8.5 (215K),"https://m.media-amazon.com/images/M/MV5BM2U4NjgzODUtODkyOC00YTE2LTlhNTItYzFlYmM1NTEzZDA2XkEyXkFqcGc@._V1_QL75_UX90_CR0,1,90,133_.jpg"
56,Apocalypse Now,1979,2h 27m,8.4 (766K),"https://m.media-amazon.com/images/M/MV5BZDhiMTljYjYtODc1Yy00MmEwLTg2OTYtYmE1YTRmNDE4MmEwXkEyXkFqcGc@._V1_QL75_UX90_CR0,2,90,133_.jpg"
57,WALL·E,2008,1h 38m,8.4 (1.3M),"https://m.media-amazon.com/images/M/MV5BMjExMTg5OTU0NF5BMl5BanBnXkFtZTcwMjMxMzMzMw@@._V1_QL75_UX90_CR0,0,90,133_.jpg"
58,Memento,2000,1h 53m,8.4 (1.4M),"https://m.media-amazon.com/images/M/MV5BMGQ3Y2Q4NjktN2E4Ny00Y2Q2LTliZDUtZTNiNjRhY2I0NGIyXkEyXkFqcGc@._V1_QL75_UX90_CR0,1,90,133_.jpg"
59,Dune: Part Two,2024,2h 46m,8.4 (719K),"https://m.media-amazon.com/images/M/MV5BNTc0YmQxMjEtODI5MC00NjFiLTlkMWUtOGQ5NjFmYWUyZGJhXkEyXkFqcGc@._V1_QL75_UX90_CR0,0,90,133_.jpg"
60,Raiders of the Lost Ark,1981,1h 55m,8.4 (1.1M),"https://m.media-amazon.com/images/M/MV5BOGNhMjg2ZjgtYzk4Ni00MTViLTg1MmUtYzM2MDZiYjZlMmU3XkEyXkFqcGc@._V1_QL75_UY133_CR0,0,90,133_.jpg"
61,Avengers: Infinity War,2018,2h 29m,8.4 (1.4M),"https://m.media-amazon.com/images/M/MV5BMjMxNjY2MDU1OV5BMl5BanBnXkFtZTgwNzY1MTUwNTM@._V1_QL75_UX90_CR0,0,90,133_.jpg"
62,The Lives of Others,2006,2h 17m,8.4 (441K),"https://m.media-amazon.com/images/M/MV5BYjM1N2Q0YWEtN2E5MC00NDM3LTk2NTEtMTc1NTk5OTA5ZGIzXkEyXkFqcGc@._V1_QL75_UX90_CR0,0,90,133_.jpg"
63,Spider-Man: Into the Spider-Verse,2018,1h 57m,8.4 (778K),"https://m.media-amazon.com/images/M/MV5BMjMwNDkxMTgzOF5BMl5BanBnXkFtZTgwNTkwNTQ3NjM@._V1_QL75_UX90_CR0,0,90,133_.jpg"
64,Sunset Boulevard,1950,1h 50m,8.4 (260K),"https://m.media-amazon.com/images/M/MV5BMTU0NTkyNzYwMF5BMl5BanBnXkFtZTgwMDU0NDk5MTI@._V1_QL75_UX90_CR0,1,90,133_.jpg"
65,Witness for the Prosecution,1957,1h 56m,8.4 (160K),"https://m.media-amazon.com/images/M/MV5BNjRhNTQzMzQtMWViMi00ODQ1LTg0MTEtYWE4ZWZlYjM4YjJhXkEyXkFqcGc@._V1_QL75_UX90_CR0,2,90,133_.jpg"
66,Paths of Glory,1957,1h 28m,8.4 (237K),"https://m.media-amazon.com/images/M/MV5BNmQ2NmI2ODYtMDQzNS00NzQyLTkzZjgtZmZlYTQ5MTc1OWU3XkEyXkFqcGc@._V1_QL75_UX90_CR0,2,90,133_.jpg"
67,The Shining,1980,2h 26m,8.4 (1.2M),"https://m.media-amazon.com/images/M/MV5BNmM5ZThhY2ItOGRjOS00NzZiLWEwYTItNDgyMjFkOTgxMmRiXkEyXkFqcGc@._V1_QL75_UX90_CR0,2,90,133_.jpg"
68,The Great Dictator,1940,2h 5m,8.4 (258K),"https://m.media-amazon.com/images/M/MV5BMjc4ZjEwNDUtMjlmZS00NzQ4LTg2N2MtMGI3ZjMyMmM3ZDM2XkEyXkFqcGc@._V1_QL75_UX90_CR0,0,90,133_.jpg"
69,Inglourious Basterds,2009,2h 33m,8.4 (1.8M),"https://m.media-amazon.com/images/M/MV5BODZhMWJlNjYtNDExNC00MTIzLTllM2ItOGQ2NGVjNDQ3MzkzXkEyXkFqcGc@._V1_QL75_UX90_CR0,0,90,133_.jpg"
70,12th Fail,2023,2h 27m,8.7 (168K),"https://m.media-amazon.com/images/M/MV5BNTE3OTIxZDYtNjA0NC00N2YxLTg1NGQtOTYxNmZkMDkwOWNjXkEyXkFqcGc@._V1_QL75_UY133_CR6,0,90,133_.jpg"
71,Aliens,1986,2h 17m,8.4 (836K),"https://m.media-amazon.com/images/M/MV5BZjIyNGJhYzYtN2I1My00OTVhLWEyMzItZTVjNDMzOTVkYWViXkEyXkFqcGc@._V1_QL75_UX90_CR0,1,90,133_.jpg"
72,High and Low,1963,2h 23m,8.4 (70K),"https://m.media-amazon.com/images/M/MV5BMGJiNzllYjktODAzNS00OGUzLTlmY2MtMjA2ZTZhYTY1OTc4XkEyXkFqcGc@._V1_QL75_UX90_CR0,1,90,133_.jpg"
73,The Dark Knight Rises,2012,2h 44m,8.4 (2M),"https://m.media-amazon.com/images/M/MV5BMTk4ODQzNDY3Ml5BMl5BanBnXkFtZTcwODA0NTM4Nw@@._V1_QL75_UX90_CR0,0,90,133_.jpg"
74,Avengers: Endgame,2019,3h 1m,8.4 (1.4M),"https://m.media-amazon.com/images/M/MV5BMTc5MDE2ODcwNV5BMl5BanBnXkFtZTgwMzI2NzQ2NzM@._V1_QL75_UX90_CR0,0,90,133_.jpg"
75,Good Will Hunting,1997,2h 6m,8.4 (1.2M),"https://m.media-amazon.com/images/M/MV5BNDdjZGQ5YzEtNTc2My00Mjc0LWFlMTctYzkwMzZlNzdiZWYzXkEyXkFqcGc@._V1_QL75_UX90_CR0,2,90,133_.jpg"
76,Coco,2017,1h 45m,8.4 (697K),"https://m.media-amazon.com/images/M/MV5BMDIyM2E2NTAtMzlhNy00ZGUxLWI1NjgtZDY5MzhiMDc5NGU3XkEyXkFqcGc@._V1_QL75_UY133_CR2,0,90,133_.jpg"
77,Amadeus,1984,2h 40m,8.4 (465K),"https://m.media-amazon.com/images/M/MV5BMzc2MjM0NTMtOGY4NC00NzY1LWE2ODUtZjMzY2RhNGNkZDAyXkEyXkFqcGc@._V1_QL75_UX90_CR0,3,90,133_.jpg"
78,Toy Story,1995,1h 21m,8.3 (1.2M),"https://m.media-amazon.com/images/M/MV5BZTA3OWVjOWItNjE1NS00NzZiLWE1MjgtZDZhMWI1ZTlkNzYwXkEyXkFqcGc@._V1_QL75_UX90_CR0,0,90,133_.jpg"
79,Your Name.,2016,1h 46m,8.4 (386K),"https://m.media-amazon.com/images/M/MV5BMjI1ODZkYTgtYTY3Yy00ZTJkLWFkOTgtZDUyYWM4MzQwNjk0XkEyXkFqcGc@._V1_QL75_UX90_CR0,0,90,133_.jpg"
80,Das Boot,1981,2h 29m,8.3 (287K),"https://m.media-amazon.com/images/M/MV5BNGU0MWZlMTUtM2Y3Ny00NGNmLWE5NmEtN2YxOWQzMGM3ZWYzXkEyXkFqcGc@._V1_QL75_UX90_CR0,2,90,133_.jpg"
81,Oldboy,2003,2h,8.3 (711K),"https://m.media-amazon.com/images/M/MV5BMTAwNzNjYWItZmI0Ni00ZTcyLWIwNWMtZjlmNGMxZTEyYTJmXkEyXkFqcGc@._V1_QL75_UX90_CR0,1,90,133_.jpg"
82,Braveheart,1995,2h 58m,8.3 (1.2M),"https://m.media-amazon.com/images/M/MV5BNGMxZDBhNGQtYTZlNi00N2UzLWI4NDEtNmUzNWM2NTdmZDA0XkEyXkFqcGc@._V1_QL75_UY133_CR0,0,90,133_.jpg"
83,Princess Mononoke,1997,2h 13m,8.3 (479K),"https://m.media-amazon.com/images/M/MV5BNjAzODViNGEtMjBkYi00N2U5LWJjNjAtY2U0MGJhZTEwOTU0XkEyXkFqcGc@._V1_QL75_UX90_CR0,0,90,133_.jpg"
84,Dr. Strangelove or: How I Learned to Stop Worrying and Love the Bomb,1964,1h 35m,8.3 (549K),"https://m.media-amazon.com/images/M/MV5BMjFjYzBlOTktMTI2OS00ZWVhLTgxMDUtNzAwODY2NmI3YTAzXkEyXkFqcGc@._V1_QL75_UX90_CR0,3,90,133_.jpg"
85,3 Idiots,2009,2h 50m,8.4 (478K),"https://m.media-amazon.com/images/M/MV5BNzc4ZWQ3NmYtODE0Ny00YTQ4LTlkZWItNTBkMGQ0MmUwMmJlXkEyXkFqcGc@._V1_QL75_UY133_CR1,0,90,133_.jpg"
86,American Beauty,1999,2h 2m,8.3 (1.3M),"https://m.media-amazon.com/images/M/MV5BMDI1MDE0OTMtMmI2MS00Yjc2LTg2MTItMWExYTg5NzA1OGUzXkEyXkFqcGc@._V1_QL75_UX90_CR0,0,90,133_.jpg"
87,Capernaum,2018,2h 6m,8.4 (123K),"https://m.media-amazon.com/images/M/MV5BYzEyMzQ1OTktZTljZi00OWQzLWE2ZmUtZjQyNzBjYjE1NTc0XkEyXkFqcGc@._V1_QL75_UY133_CR0,0,90,133_.jpg"
88,Singin' in the Rain,1952,1h 43m,8.3 (281K),"https://m.media-amazon.com/images/M/MV5BMGQzZDFjZWUtZDU4ZS00ZjM3LTgyYmItYjA3YmIwYzRkZWY3XkEyXkFqcGc@._V1_QL75_UY133_CR1,0,90,133_.jpg"
89,Joker,2019,2h 2m,8.3 (1.7M),"https://m.media-amazon.com/images/M/MV5BNzY3OWQ5NDktNWQ2OC00ZjdlLThkMmItMDhhNDk3NTFiZGU4XkEyXkFqcGc@._V1_QL75_UX90_CR0,0,90,133_.jpg"
90,Once Upon a Time in America,1984,3h 49m,8.3 (406K),"https://m.media-amazon.com/images/M/MV5BMDQ0ZTg2OGUtZjMyOC00M2M5LThkMmItZmM2MmUzMmIxMWJhXkEyXkFqcGc@._V1_QL75_UX90_CR0,1,90,133_.jpg"
91,Come and See,1985,2h 22m,8.3 (121K),"https://m.media-amazon.com/images/M/MV5BNDlkZmVkZDAtZGFmMS00OWIzLWJkY2YtNWE5NjNhNjhiZGE3XkEyXkFqcGc@._V1_QL75_UX90_CR0,2,90,133_.jpg"
92,Star Wars: Episode VI - Return of the Jedi,1983,2h 11m,8.3 (1.2M),"https://m.media-amazon.com/images/M/MV5BNWEwOTI0MmUtMGNmNy00ODViLTlkZDQtZTg1YmQ3MDgyNTUzXkEyXkFqcGc@._V1_QL75_UX90_CR0,3,90,133_.jpg"
93,Requiem for a Dream,2000,1h 42m,8.3 (967K),"https://m.media-amazon.com/images/M/MV5BN2ZlMjIzZjctYzA2My00ZWYyLWI4ZjctMGI2NWYyNzFiZjAwXkEyXkFqcGc@._V1_QL75_UX90_CR0,1,90,133_.jpg"
94,Toy Story 3,2010,1h 43m,8.3 (963K),"https://m.media-amazon.com/images/M/MV5BMTgxOTY4Mjc0MF5BMl5BanBnXkFtZTcwNTA4MDQyMw@@._V1_QL75_UY133_CR2,0,90,133_.jpg"
95,Ikiru,1952,2h 23m,8.3 (101K),"https://m.media-amazon.com/images/M/MV5BMmNlZTk4ZjQtY2I5NS00NmNiLTlkNmUtYTc3YmE0ZTk3OGNiXkEyXkFqcGc@._V1_QL75_UY133_CR3,0,90,133_.jpg"
96,The Hunt,2012,1h 55m,8.3 (405K),"https://m.media-amazon.com/images/M/MV5BMTg2NDg3ODg4NF5BMl5BanBnXkFtZTcwNzk3NTc3Nw@@._V1_QL75_UY133_CR2,0,90,133_.jpg"
97,Incendies,2010,2h 11m,8.3 (247K),"https://m.media-amazon.com/images/M/MV5BYWFmMjdmNjctNzhhOC00ZmMzLTkwOGItMmVmZDU4MjE2MTYwXkEyXkFqcGc@._V1_QL75_UX90_CR0,1,90,133_.jpg"
98,Eternal Sunshine of the Spotless Mind,2004,1h 48m,8.3 (1.2M),"https://m.media-amazon.com/images/M/MV5BMTY4NzcwODg3Nl5BMl5BanBnXkFtZTcwNTEwOTMyMw@@._V1_QL75_UX90_CR0,0,90,133_.jpg"
99,The Apartment,1960,2h 5m,8.3 (218K),"https://m.media-amazon.com/images/M/MV5BNDdhMzVhOWQtNDU2Mi00ZmZmLWJiZDMtY2QxMjhjY2Y1ZTI5XkEyXkFqcGc@._V1_QL75_UX90_CR0,4,90,133_.jpg"
100,Lawrence of Arabia,1962,3h 47m,8.3 (340K),"https://m.media-amazon.com/images/M/MV5BYjY0YTQ1OTAtYjEyNy00NTQ4LThlMTQtM2QwYTVhYWFhNjU5XkEyXkFqcGc@._V1_QL75_UY133_CR1,0,90,133_.jpg"
101,2001: A Space Odyssey,1968,2h 29m,8.3 (778K),"https://m.media-amazon.com/images/M/MV5BNjU0NDFkMTQtZWY5OS00MmZhLTg3Y2QtZmJhMzMzMWYyYjc2XkEyXkFqcGc@._V1_QL75_UX90_CR0,0,90,133_.jpg"
102,Reservoir Dogs,1992,1h 39m,8.3 (1.2M),"https://m.media-amazon.com/images/M/MV5BMmMzYjg4NDctYWY0Mi00OGViLWIzMTMtYWNlZGY5ZDJmYjk3XkEyXkFqcGc@._V1_QL75_UX90_CR0,0,90,133_.jpg"
103,Heat,1995,2h 50m,8.3 (795K),"https://m.media-amazon.com/images/M/MV5BMTkxYjU1OTMtYWViZC00ZjAzLWI3MDktZGQ2N2VmMjVjNDRlXkEyXkFqcGc@._V1_QL75_UY133_CR2,0,90,133_.jpg"
104,Scarface,1983,2h 50m,8.3 (1M),"https://m.media-amazon.com/images/M/MV5BNDUzYjY0NmUtMDM4OS00Y2Q5LWJiODYtNTk0ZTk0YjZhMTg1XkEyXkFqcGc@._V1_QL75_UX90_CR0,1,90,133_.jpg"
105,Double Indemnity,1944,1h 47m,8.3 (180K),"https://m.media-amazon.com/images/M/MV5BM2YwNjZlZDktNTlmNS00ODQwLWJmNmUtYmE1NTBhYjc1YTY5XkEyXkFqcGc@._V1_QL75_UX90_CR0,1,90,133_.jpg"
106,Up,2009,1h 36m,8.3 (1.2M),"https://m.media-amazon.com/images/M/MV5BNmI1ZTc5MWMtMDYyOS00ZDc2LTkzOTAtNjQ4NWIxNjYyNDgzXkEyXkFqcGc@._V1_QL75_UX90_CR0,0,90,133_.jpg"
107,North by Northwest,1959,2h 16m,8.3 (368K),"https://m.media-amazon.com/images/M/MV5BZWIzODI2OGItMzM0Ny00OGRmLTlkNmItMDQxMTFmMTk3YmQwXkEyXkFqcGc@._V1_QL75_UX90_CR0,1,90,133_.jpg"
108,Like Stars on Earth,2007,2h 42m,8.3 (230K),"https://m.media-amazon.com/images/M/MV5BNjVmMTlkNGYtYTM2OC00Yjc2LWIyYmQtMDY4ZmU1MWRlMjA3XkEyXkFqcGc@._V1_QL75_UY133_CR1,0,90,133_.jpg"
109,Full Metal Jacket,1987,1h 56m,8.2 (846K),"https://m.media-amazon.com/images/M/MV5BYWUzNzZkNzUtNDdiYy00Nzk5LTgxMmItNTk0MjRjNjdjNDA0XkEyXkFqcGc@._V1_QL75_UX90_CR0,1,90,133_.jpg"
110,M,1931,1h 39m,8.3 (182K),"https://m.media-amazon.com/images/M/MV5BODA4ODk3OTEzMF5BMl5BanBnXkFtZTgwMTQ2ODMwMzE@._V1_QL75_UX90_CR0,1,90,133_.jpg"
111,Citizen Kane,1941,1h 59m,8.2 (492K),"https://m.media-amazon.com/images/M/MV5BYjk1ZDJlMmUtOWQ0Zi00MDM5LTk1OGYtODczNjFmMGYwZGVkXkEyXkFqcGc@._V1_QL75_UX90_CR0,1,90,133_.jpg"
112,Amélie,2001,2h 2m,8.3 (836K),"https://m.media-amazon.com/images/M/MV5BOTNmYzY0MWQtZGZmNy00Y2Y4LWFmMDQtMTZjYTdiYzEwZGQ2XkEyXkFqcGc@._V1_QL75_UX90_CR0,1,90,133_.jpg"
113,Vertigo,1958,2h 8m,8.2 (457K),"https://m.media-amazon.com/images/M/MV5BNzEyZTUxMWItMGVhYy00Y2NlLTljYTMtYzBmMzI1YmUyMDBkXkEyXkFqcGc@._V1_QL75_UX90_CR0,3,90,133_.jpg"
114,A Separation,2011,2h 3m,8.3 (276K),"https://m.media-amazon.com/images/M/MV5BMDM0ZWRmMzctM2M5ZS00ZjU0LWIxN2MtNWNlNGY1ZDhjMDVhXkEyXkFqcGc@._V1_QL75_UX90_CR0,0,90,133_.jpg"
115,Die Hard,1988,2h 12m,8.2 (1M),"https://m.media-amazon.com/images/M/MV5BMGNlYmM1NmQtYWExMS00NmRjLTg5ZmEtMmYyYzJkMzljYWMxXkEyXkFqcGc@._V1_QL75_UX90_CR0,1,90,133_.jpg"
116,To Kill a Mockingbird,1962,2h 9m,8.2 (350K),"https://m.media-amazon.com/images/M/MV5BZTlkYWU4MGEtZmQyYi00OWEzLTgzY2EtYzVjOTEzYzAyNTk1XkEyXkFqcGc@._V1_QL75_UX90_CR0,2,90,133_.jpg"
117,The Sting,1973,2h 9m,8.2 (299K),"https://m.media-amazon.com/images/M/MV5BZGI4OTk4MDMtYmQ1Ni00YTUzLTkyYTktZGUwMjMyN2M4NjQ5XkEyXkFqcGc@._V1_QL75_UX90_CR0,2,90,133_.jpg"
118,Indiana Jones and the Last Crusade,1989,2h 7m,8.2 (859K),"https://m.media-amazon.com/images/M/MV5BNGIxNzQ0YzYtMjNmYi00YjBlLWFjNzEtNGE3ZGFmYTczM2MwXkEyXkFqcGc@._V1_QL75_UX90_CR0,0,90,133_.jpg"
119,A Clockwork Orange,1971,2h 16m,8.2 (932K),"https://m.media-amazon.com/images/M/MV5BMTY3MjM1Mzc4N15BMl5BanBnXkFtZTgwODM0NzAxMDE@._V1_QL75_UX90_CR0,0,90,133_.jpg"
120,Metropolis,1927,2h 33m,8.2 (200K),"https://m.media-amazon.com/images/M/MV5BMjhjMGYyMjAtMzJkYy00NzhlLWIwY2MtMWQ2ODIxZDUyOGYyXkEyXkFqcGc@._V1_QL75_UY133_CR0,0,90,133_.jpg"
121,1917,2019,1h 59m,8.2 (763K),"https://m.media-amazon.com/images/M/MV5BYzkxZjg2NDQtMGVjMy00NWZkLTk0ZDEtZWE3NDYwYjAyMTg1XkEyXkFqcGc@._V1_QL75_UX90_CR0,5,90,133_.jpg"
122,Snatch,2000,1h 42m,8.2 (971K),"https://m.media-amazon.com/images/M/MV5BYzk5NjJkMTQtN2IyNC00YWM5LTlhZmMtNGI3MWNhMTU1YTc4XkEyXkFqcGc@._V1_QL75_UY133_CR1,0,90,133_.jpg"
123,L.A. Confidential,1997,2h 18m,8.2 (656K),"https://m.media-amazon.com/images/M/MV5BODdiMjY1OGYtNDk0NC00NGQ1LWI4MDItOTJhMTM0YjE1YTAzXkEyXkFqcGc@._V1_QL75_UY133_CR1,0,90,133_.jpg"
124,Downfall,2004,2h 36m,8.2 (398K),"https://m.media-amazon.com/images/M/MV5BMTU0NTU5NTAyMl5BMl5BanBnXkFtZTYwNzYwMDg2._V1_QL75_UY133_CR1,0,90,133_.jpg"
125,The Wolf of Wall Street,2013,3h,8.2 (1.8M),"https://m.media-amazon.com/images/M/MV5BMjIxMjgxNTk0MF5BMl5BanBnXkFtZTgwNjIyOTg2MDE@._V1_QL75_UX90_CR0,0,90,133_.jpg"
126,Dangal,2016,2h 41m,8.3 (240K),"https://m.media-amazon.com/images/M/MV5BMTQ4MzQzMzM2Nl5BMl5BanBnXkFtZTgwMTQ1NzU3MDI@._V1_QL75_UY133_CR3,0,90,133_.jpg"
127,Bicycle Thieves,1948,1h 29m,8.2 (192K),"https://m.media-amazon.com/images/M/MV5BMjIzMzAyMzg1Nl5BMl5BanBnXkFtZTgwMzMyNzk0MTE@._V1_QL75_UY133_CR1,0,90,133_.jpg"
128,The Truman Show,1998,1h 43m,8.2 (1.4M),"https://m.media-amazon.com/images/M/MV5BNzA3ZjZlNzYtMTdjMy00NjMzLTk5ZGYtMTkyYzNiOGM1YmM3XkEyXkFqcGc@._V1_QL75_UX90_CR0,0,90,133_.jpg"
129,Oppenheimer,2023,3h,8.2 (1M),"https://m.media-amazon.com/images/M/MV5BN2JkMDc5MGQtZjg3YS00NmFiLWIyZmQtZTJmNTM5MjVmYTQ4XkEyXkFqcGc@._V1_QL75_UX90_CR0,0,90,133_.jpg"
130,Green Book,2018,2h 10m,8.2 (676K),"https://m.media-amazon.com/images/M/MV5BNDU5YTNmMmItN2QxNy00OGQ0LTg5MTctNzFmYjEzZjcwN2UwXkEyXkFqcGc@._V1_QL75_UX90_CR0,1,90,133_.jpg"
131,Shutter Island,2010,2h 18m,8.2 (1.6M),"https://m.media-amazon.com/images/M/MV5BN2FjNWExYzEtY2YzOC00YjNlLTllMTQtNmIwM2Q1YzBhOWM1XkEyXkFqcGc@._V1_QL75_UX90_CR0,0,90,133_.jpg"
132,Judgment at Nuremberg,1961,2h 59m,8.3 (96K),"https://m.media-amazon.com/images/M/MV5BNDc2ODQ5NTE2MV5BMl5BanBnXkFtZTcwODExMjUyNA@@._V1_QL75_UX90_CR0,1,90,133_.jpg"
133,Batman Begins,2005,2h 20m,8.2 (1.7M),"https://m.media-amazon.com/images/M/MV5BMzA2NDQzZDEtNDU5Ni00YTlkLTg2OWEtYmQwM2Y1YTBjMjFjXkEyXkFqcGc@._V1_QL75_UX90_CR0,0,90,133_.jpg"
134,Hamilton,2020,2h 40m,8.3 (138K),"https://m.media-amazon.com/images/M/MV5BYTc3MWIyMzAtMTZmNC00YmNjLWIyZTgtMmU4NjZkYzZkOThkXkEyXkFqcGc@._V1_QL75_UX90_CR0,0,90,133_.jpg"
135,For a Few Dollars More,1965,2h 12m,8.2 (298K),"https://m.media-amazon.com/images/M/MV5BNTRmOTcyYmYtMTIwNi00ZGYyLTk4YjYtZGJlZTgwZGY0NGQyXkEyXkFqcGc@._V1_QL75_UX90_CR0,2,90,133_.jpg"
136,Taxi Driver,1976,1h 54m,8.2 (1M),"https://m.media-amazon.com/images/M/MV5BZDNhMGYwM2UtMTdlZS00MGQ1LWI2YzAtODY5YWI1MjYyNzRmXkEyXkFqcGc@._V1_QL75_UX90_CR0,2,90,133_.jpg"
137,Jurassic Park,1993,2h 7m,8.2 (1.2M),"https://m.media-amazon.com/images/M/MV5BMjM2MDgxMDg0Nl5BMl5BanBnXkFtZTgwNTM2OTM5NDE@._V1_QL75_UX90_CR0,1,90,133_.jpg"
138,Some Like It Hot,1959,2h 1m,8.2 (303K),"https://m.media-amazon.com/images/M/MV5BZTllZDYyNjEtY2RmMS00NmJhLWI4ODAtMTQ0NWFiZTJhZjA0XkEyXkFqcGc@._V1_QL75_UX90_CR0,3,90,133_.jpg"
139,There Will Be Blood,2007,2h 38m,8.2 (702K),"https://m.media-amazon.com/images/M/MV5BMjAxODQ4MDU5NV5BMl5BanBnXkFtZTcwMDU4MjU1MQ@@._V1_QL75_UX90_CR0,0,90,133_.jpg"
140,The Kid,1921,1h 8m,8.2 (145K),"https://m.media-amazon.com/images/M/MV5BNjkxMzY1NTQtN2YwOS00NmIwLTlkNTMtMjNkMzk1ZTk3ZDU2XkEyXkFqcGc@._V1_QL75_UX90_CR0,1,90,133_.jpg"
141,The Father,2020,1h 37m,8.2 (242K),"https://m.media-amazon.com/images/M/MV5BYzUxMDAyMDAtNzIyZi00OGQ1LTllMjEtYzRjOThkZTUxNTliXkEyXkFqcGc@._V1_QL75_UX90_CR0,0,90,133_.jpg"
142,All About Eve,1950,2h 18m,8.2 (148K),"https://m.media-amazon.com/images/M/MV5BMTY2MTAzODI5NV5BMl5BanBnXkFtZTgwMjM4NzQ0MjE@._V1_QL75_UX90_CR0,1,90,133_.jpg"
143,The Sixth Sense,1999,1h 47m,8.2 (1.1M),"https://m.media-amazon.com/images/M/MV5BZWQ2OTY0M2UtMTQxNC00MmIzLTllNDQtNDQ0MTQyYzI2M2ZiXkEyXkFqcGc@._V1_QL75_UY133_CR0,0,90,133_.jpg"
144,Ran,1985,2h 40m,8.2 (151K),"https://m.media-amazon.com/images/M/MV5BZDk2NDY5YjktMjEyMC00OTJhLTkzM2EtY2Q4Y2RjYzc2Yjk4XkEyXkFqcGc@._V1_QL75_UX90_CR0,2,90,133_.jpg"
145,Casino,1995,2h 58m,8.2 (614K),"https://m.media-amazon.com/images/M/MV5BMDRlZWZjZjYtYzY2NS00ZWVjLTkwYzAtZTA2ZDAzMGRiYmYwXkEyXkFqcGc@._V1_QL75_UX90_CR0,1,90,133_.jpg"
146,No Country for Old Men,2007,2h 2m,8.2 (1.2M),"https://m.media-amazon.com/images/M/MV5BMjA5Njk3MjM4OV5BMl5BanBnXkFtZTcwMTc5MTE1MQ@@._V1_QL75_UY133_CR0,0,90,133_.jpg"
147,The Thing,1982,1h 49m,8.2 (522K),"https://m.media-amazon.com/images/M/MV5BYTA3NDU5MWEtNTk4Yy00ZDNkLThmZTQtMjU3ZGVhYzAyMzU4XkEyXkFqcGc@._V1_QL75_UX90_CR0,1,90,133_.jpg"
148,Top Gun: Maverick,2022,2h 10m,8.2 (847K),"https://m.media-amazon.com/images/M/MV5BMDBkZDNjMWEtOTdmMi00NmExLTg5MmMtNTFlYTJlNWY5YTdmXkEyXkFqcGc@._V1_QL75_UX90_CR0,0,90,133_.jpg"
149,Prisoners,2013,2h 33m,8.2 (923K),"https://m.media-amazon.com/images/M/MV5BMTg0NTIzMjQ1NV5BMl5BanBnXkFtZTcwNDc3MzM5OQ@@._V1_QL75_UY133_CR0,0,90,133_.jpg"
150,Kill Bill: Vol. 1,2003,1h 51m,8.2 (1.3M),"https://m.media-amazon.com/images/M/MV5BZmMyYzJlZmYtY2I3NC00NjAyLTkyZWItZjdjZDI1YTYyYTEwXkEyXkFqcGc@._V1_QL75_UX90_CR0,1,90,133_.jpg"
151,Pan's Labyrinth,2006,1h 58m,8.2 (743K),"https://m.media-amazon.com/images/M/MV5BOTc1NTAxMWItMWFlNy00MmU2LTkwMTMtNzMwOTg5OTQ5YTFiXkEyXkFqcGc@._V1_QL75_UX90_CR0,0,90,133_.jpg"
152,Unforgiven,1992,2h 10m,8.2 (466K),"https://m.media-amazon.com/images/M/MV5BNmZmMzM3YWMtZjg5Yi00M2MxLTg3ZGItNGU4YjQxNDAxM2Q4XkEyXkFqcGc@._V1_QL75_UX90_CR0,1,90,133_.jpg"
153,A Beautiful Mind,2001,2h 15m,8.2 (1M),"https://m.media-amazon.com/images/M/MV5BNzljZTk5ZDgtZTQ1Zi00NTM4LThlOGUtZDk2MGM4NDQ4NWQyXkEyXkFqcGc@._V1_QL75_UX90_CR0,0,90,133_.jpg"
154,The Treasure of the Sierra Madre,1948,2h 6m,8.2 (141K),"https://m.media-amazon.com/images/M/MV5BOWM1YjFmODEtMWNhMC00YmI1LWI0Y2EtYzg0YTBhZWI4ODE3XkEyXkFqcGc@._V1_QL75_UX90_CR0,1,90,133_.jpg"
155,Howl's Moving Castle,2004,1h 59m,8.2 (507K),"https://m.media-amazon.com/images/M/MV5BMTY1OTg0MjE3MV5BMl5BanBnXkFtZTcwNTUxMTkyMQ@@._V1_QL75_UX90_CR0,0,90,133_.jpg"
156,Finding Nemo,2003,1h 40m,8.2 (1.2M),"https://m.media-amazon.com/images/M/MV5BMTc5NjExNTA5OV5BMl5BanBnXkFtZTYwMTQ0ODY2._V1_QL75_UX90_CR0,0,90,133_.jpg"
157,Yojimbo,1961,1h 50m,8.2 (142K),"https://m.media-amazon.com/images/M/MV5BYzFkODA1N2QtY2UyMC00NTMwLWEyNzctMmE3YjIzNzE1MzY4XkEyXkFqcGc@._V1_QL75_UX90_CR0,1,90,133_.jpg"
158,Klaus,2019,1h 36m,8.2 (234K),"https://m.media-amazon.com/images/M/MV5BZDA4ODhlMzctNGRmYi00NmViLTkxZGYtZjRkNGQ5YzYwYWVlXkEyXkFqcGc@._V1_QL75_UX90_CR0,0,90,133_.jpg"
159,The Great Escape,1963,2h 52m,8.2 (276K),"https://m.media-amazon.com/images/M/MV5BMDRhNmJjMzEtMWU5MC00YmEyLTg3ZmYtNzYxZTI1ZGU4ZjI1XkEyXkFqcGc@._V1_QL75_UX90_CR0,4,90,133_.jpg"
160,The Elephant Man,1980,2h 4m,8.2 (281K),"https://m.media-amazon.com/images/M/MV5BMGE3MDZhNmMtMmUxZS00MDJmLTgxYmQtOGU4ODU0Y2JmNDI1XkEyXkFqcGc@._V1_QL75_UX90_CR0,0,90,133_.jpg"
161,Monty Python and the Holy Grail,1975,1h 31m,8.2 (601K),"https://m.media-amazon.com/images/M/MV5BYWY4YmUzZmUtMzQ0ZS00N2Y2LWJlODQtN2IwMDc1MWQwMmU3XkEyXkFqcGc@._V1_QL75_UX90_CR0,1,90,133_.jpg"
162,The Best of Youth,2003,6h 14m,8.4 (28K),"https://m.media-amazon.com/images/M/MV5BYzcxMTE2YjUtMzIyMy00NDNjLWE3ZWYtODQzYmNhNDVhNDZmXkEyXkFqcGc@._V1_QL75_UY133_CR2,0,90,133_.jpg"
163,Dial M for Murder,1954,1h 45m,8.1 (204K),"https://m.media-amazon.com/images/M/MV5BZmYzNDgzYjgtNmU3Ny00YzUxLWE3OWUtMjIxZmNkYTVhNDZmXkEyXkFqcGc@._V1_QL75_UY133_CR4,0,90,133_.jpg"
164,The Secret in Their Eyes,2009,2h 9m,8.2 (241K),"https://m.media-amazon.com/images/M/MV5BMTgwNTI3OTczOV5BMl5BanBnXkFtZTcwMTM3MTUyMw@@._V1_QL75_UY133_CR0,0,90,133_.jpg"
165,Gone with the Wind,1939,3h 58m,8.2 (355K),"https://m.media-amazon.com/images/M/MV5BYmYxZTE3YzMtYmE2Yy00NmFlLTkzYTAtYTAzN2IzNDFkN2E0XkEyXkFqcGc@._V1_QL75_UX90_CR0,2,90,133_.jpg"
166,Demon Slayer: Kimetsu no Yaiba Infinity Castle,2025,2h 35m,8.4 (65K),"https://m.media-amazon.com/images/M/MV5BOGQ3YWUzYjEtMTJiYy00ZjQ0LWI0YjktYjhiNGVhNGExYTM3XkEyXkFqcGc@._V1_QL75_UX90_CR0,1,90,133_.jpg"
167,Chinatown,1974,2h 10m,8.1 (375K),"https://m.media-amazon.com/images/M/MV5BNmRmZTE0NmUtZjhiZi00MzQ3LTk3ZjctN2Q3ODYzY2U3MDk3XkEyXkFqcGc@._V1_QL75_UX90_CR0,2,90,133_.jpg"
168,"Lock, Stock and Two Smoking Barrels",1998,1h 47m,8.1 (648K),"https://m.media-amazon.com/images/M/MV5BMmY1M2M5ZmMtYzllZC00YzAxLTk4MjktZDJkNjA1MTUwMGQ4XkEyXkFqcGc@._V1_QL75_UX90_CR0,1,90,133_.jpg"
169,V for Vendetta,2005,2h 12m,8.1 (1.2M),"https://m.media-amazon.com/images/M/MV5BOTI5ODc3NzExNV5BMl5BanBnXkFtZTcwNzYxNzQzMw@@._V1_QL75_UX90_CR0,0,90,133_.jpg"
170,Catch Me If You Can,2002,2h 21m,8.1 (1.2M),"https://m.media-amazon.com/images/M/MV5BMTY5MzYzNjc5NV5BMl5BanBnXkFtZTYwNTUyNTc2._V1_QL75_UX90_CR0,0,90,133_.jpg"
171,Inside Out,2015,1h 35m,8.1 (906K),"https://m.media-amazon.com/images/M/MV5BOTgxMDQwMDk0OF5BMl5BanBnXkFtZTgwNjU5OTg2NDE@._V1_QL75_UX90_CR0,0,90,133_.jpg"
172,Rashomon,1950,1h 28m,8.1 (195K),"https://m.media-amazon.com/images/M/MV5BZDlkYjViMDAtYjkxNy00ZDk1LWE5MmUtNDc4NDU3ZWJmOTYzXkEyXkFqcGc@._V1_QL75_UX90_CR0,1,90,133_.jpg"
173,"Three Billboards Outside Ebbing, Missouri",2017,1h 55m,8.1 (602K),"https://m.media-amazon.com/images/M/MV5BMjI0ODcxNzM1N15BMl5BanBnXkFtZTgwMzIwMTEwNDI@._V1_QL75_UX90_CR0,0,90,133_.jpg"
174,The Chaos Class Failed the Class,1975,1h 35m,8.5 (30K),"https://m.media-amazon.com/images/M/MV5BZmY3MjVhMmQtOTcwYy00ZjcyLWFiZDgtN2JiODVjNjQzYWQyXkEyXkFqcGc@._V1_QL75_UX90_CR0,1,90,133_.jpg"
175,Trainspotting,1996,1h 33m,8.1 (765K),"https://m.media-amazon.com/images/M/MV5BYmVkNGJkMzQtYWQwOS00OTZmLThjODQtZjNjNzllYzRiNTE0XkEyXkFqcGc@._V1_QL75_UX90_CR0,0,90,133_.jpg"
176,The Bridge on the River Kwai,1957,2h 41m,8.1 (248K),"https://m.media-amazon.com/images/M/MV5BNzdkYmU2YmItNmZiYy00OWQyLTg0YWYtZmUxM2U3YTRiNTQ1XkEyXkFqcGc@._V1_QL75_UX90_CR0,3,90,133_.jpg"
177,Harry Potter and the Deathly Hallows: Part 2,2011,2h 10m,8.1 (1M),"https://m.media-amazon.com/images/M/MV5BOTA1Mzc2N2ItZWRiNS00MjQzLTlmZDQtMjU0NmY1YWRkMGQ4XkEyXkFqcGc@._V1_QL75_UX90_CR0,1,90,133_.jpg"
178,Dead Poets Society,1989,2h 8m,8.1 (643K),"https://m.media-amazon.com/images/M/MV5BMDYwNGVlY2ItMWYxMS00YjZiLWE5MTAtYWM5NWQ2ZWJjY2Q3XkEyXkFqcGc@._V1_QL75_UY133_CR0,0,90,133_.jpg"
179,The Wild Robot,2024,1h 42m,8.2 (216K),"https://m.media-amazon.com/images/M/MV5BZWNiZjVlZTUtNGUwYi00MjJmLTg2MDctNWEzYTJiMzY1ODc4XkEyXkFqcGc@._V1_QL75_UX90_CR0,4,90,133_.jpg"
180,Warrior,2011,2h 20m,8.1 (526K),"https://m.media-amazon.com/images/M/MV5BMTk4ODk5MTMyNV5BMl5BanBnXkFtZTcwMDMyNTg0Ng@@._V1_QL75_UX90_CR0,3,90,133_.jpg"
181,Fargo,1996,1h 38m,8.1 (781K),"https://m.media-amazon.com/images/M/MV5BNjg4MWE0MjEtODFhNy00MjA5LTg5ODktMzgwNWFmZTAwNjBlXkEyXkFqcGc@._V1_QL75_UY133_CR0,0,90,133_.jpg"
182,Barry Lyndon,1975,3h 5m,8.1 (203K),"https://m.media-amazon.com/images/M/MV5BNmM2MGQ5Y2UtYzA3ZC00ZDJlLTkwNDYtMjBmZGExZDJiN2RlXkEyXkFqcGc@._V1_QL75_UX90_CR0,2,90,133_.jpg"
183,Raging Bull,1980,2h 9m,8.1 (408K),"https://m.media-amazon.com/images/M/MV5BMjlkYmYyZWQtNTZkOS00ZjA0LWEwNWUtNzE2ZGNiYjg0MjA2XkEyXkFqcGc@._V1_QL75_UY133_CR0,0,90,133_.jpg"
184,Ben-Hur,1959,3h 32m,8.1 (270K),"https://m.media-amazon.com/images/M/MV5BNjg2M2E1YzYtOThmMC00NjAyLWI5MzgtMDEwOGFiODdlOGUzXkEyXkFqcGc@._V1_QL75_UX90_CR0,2,90,133_.jpg"
185,Million Dollar Baby,2004,2h 12m,8.1 (762K),"https://m.media-amazon.com/images/M/MV5BMTkxNzA1NDQxOV5BMl5BanBnXkFtZTcwNTkyMTIzMw@@._V1_QL75_UY133_CR0,0,90,133_.jpg"
186,Mad Max: Fury Road,2015,2h,8.1 (1.2M),"https://m.media-amazon.com/images/M/MV5BZDRkODJhOTgtOTc1OC00NTgzLTk4NjItNDgxZDY4YjlmNDY2XkEyXkFqcGc@._V1_QL75_UX90_CR0,0,90,133_.jpg"
187,Children of Heaven,1997,1h 29m,8.2 (89K),"https://m.media-amazon.com/images/M/MV5BZWZlMjNhNzgtZGRhOS00Y2U5LThjOTctODNjZTI0ZTBiYzBhXkEyXkFqcGc@._V1_QL75_UX90_CR0,2,90,133_.jpg"
188,Hacksaw Ridge,2016,2h 19m,8.1 (673K),"https://m.media-amazon.com/images/M/MV5BMjQ1NjM3MTUxNV5BMl5BanBnXkFtZTgwMDc5MTY5OTE@._V1_QL75_UX90_CR0,3,90,133_.jpg"
189,Gran Torino,2008,1h 56m,8.1 (858K),"https://m.media-amazon.com/images/M/MV5BMTc5NTk2OTU1Nl5BMl5BanBnXkFtZTcwMDc3NjAwMg@@._V1_QL75_UY133_CR0,0,90,133_.jpg"
190,My Neighbor Totoro,1988,1h 26m,8.1 (427K),"https://m.media-amazon.com/images/M/MV5BYWM3MDE3YjEtMzIzZC00ODE5LTgxNTItNmUyMTBkM2M2NmNiXkEyXkFqcGc@._V1_QL75_UX90_CR0,0,90,133_.jpg"
191,12 Years a Slave,2013,2h 14m,8.1 (783K),"https://m.media-amazon.com/images/M/MV5BMjExMTEzODkyN15BMl5BanBnXkFtZTcwNTU4NTc4OQ@@._V1_QL75_UX90_CR0,0,90,133_.jpg"
192,The Grand Budapest Hotel,2014,1h 39m,8.1 (961K),"https://m.media-amazon.com/images/M/MV5BMzM5NjUxOTEyMl5BMl5BanBnXkFtZTgwNjEyMDM0MDE@._V1_QL75_UX90_CR0,0,90,133_.jpg"
193,Ratatouille,2007,1h 51m,8.1 (933K),"https://m.media-amazon.com/images/M/MV5BMTMzODU0NTkxMF5BMl5BanBnXkFtZTcwMjQ4MzMzMw@@._V1_QL75_UX90_CR0,0,90,133_.jpg"
194,Before Sunrise,1995,1h 41m,8.1 (374K),"https://m.media-amazon.com/images/M/MV5BZDZhZmI1ZTUtYWI3NC00NTMwLTk3NWMtNDc0OGNjM2I0ZjlmXkEyXkFqcGc@._V1_QL75_UX90_CR0,0,90,133_.jpg"
195,Memories of Murder,2003,2h 11m,8.1 (262K),"https://m.media-amazon.com/images/M/MV5BYmRjOWE5NmMtYTdkYS00ODFlLWJiMTMtYzE2NDZlZjlkZDQ0XkEyXkFqcGc@._V1_QL75_UX90_CR0,0,90,133_.jpg"
196,Blade Runner,1982,1h 57m,8.1 (877K),"https://m.media-amazon.com/images/M/MV5BOWQ4YTBmNTQtMDYxMC00NGFjLTkwOGQtNzdhNmY1Nzc1MzUxXkEyXkFqcGc@._V1_QL75_UX90_CR0,0,90,133_.jpg"
197,How to Train Your Dragon,2010,1h 38m,8.1 (886K),"https://m.media-amazon.com/images/M/MV5BMjA5NDQyMjc2NF5BMl5BanBnXkFtZTcwMjg5ODcyMw@@._V1_QL75_UX90_CR0,0,90,133_.jpg"
198,Spider-Man: No Way Home,2021,2h 28m,8.1 (1M),"https://m.media-amazon.com/images/M/MV5BMmFiZGZjMmEtMTA0Ni00MzA2LTljMTYtZGI2MGJmZWYzZTQ2XkEyXkFqcGc@._V1_QL75_UX90_CR0,1,90,133_.jpg"
199,Gone Girl,2014,2h 29m,8.1 (1.2M),"https://m.media-amazon.com/images/M/MV5BMTk0MDQ3MzAzOV5BMl5BanBnXkFtZTgwNzU1NzE3MjE@._V1_QL75_UY133_CR0,0,90,133_.jpg"
200,"Monsters, Inc.",2001,1h 32m,8.1 (1.1M),"https://m.media-amazon.com/images/M/MV5BMTY1NTI0ODUyOF5BMl5BanBnXkFtZTgwNTEyNjQ0MDE@._V1_QL75_UX90_CR0,0,90,133_.jpg"
201,Jaws,1975,2h 4m,8.1 (731K),"https://m.media-amazon.com/images/M/MV5BYjViNDQzNmUtYzkxZi00NTk5LTljMmItYjJlZmZkODIxNjU1XkEyXkFqcGc@._V1_QL75_UX90_CR0,2,90,133_.jpg"
202,In the Name of the Father,1993,2h 13m,8.1 (202K),"https://m.media-amazon.com/images/M/MV5BMGZiZDVjNzYtZWM4ZC00MzVkLThhNDEtMDJlOTBhYzVjMmNhXkEyXkFqcGc@._V1_QL75_UX90_CR0,0,90,133_.jpg"
203,Ford v Ferrari,2019,2h 32m,8.1 (563K),"https://m.media-amazon.com/images/M/MV5BOTBjNTEyNjYtYjdkNi00YzE5LTljYzUtZjVlYmYwZmJmZWYxXkEyXkFqcGc@._V1_QL75_UX90_CR0,0,90,133_.jpg"
204,Wild Tales,2014,2h 2m,8.1 (237K),"https://m.media-amazon.com/images/M/MV5BNzAzMjA1ODAxOV5BMl5BanBnXkFtZTgwODg4NTQzNDE@._V1_QL75_UX90_CR0,0,90,133_.jpg"
205,The Gold Rush,1925,1h 35m,8.1 (128K),"https://m.media-amazon.com/images/M/MV5BOTE1MWFkOWQtOWM1NC00ZjA4LTk5NmUtZTFjZDFjMzEwYTQzXkEyXkFqcGc@._V1_QL75_UY133_CR4,0,90,133_.jpg"
206,Sherlock Jr.,1924,45m,8.1 (65K),"https://m.media-amazon.com/images/M/MV5BMjQzM2E2NjYtYmRjMC00ZmVlLTljZTgtNmQ5MGZlNDYyZTc5XkEyXkFqcGc@._V1_QL75_UX90_CR0,4,90,133_.jpg"
207,Mary and Max,2009,1h 32m,8.1 (201K),"https://m.media-amazon.com/images/M/MV5BNzY2Mjc4NjMtNGY4Mi00NzM5LTk3ZTQtN2VkNzVkMzRmM2Y2XkEyXkFqcGc@._V1_QL75_UY133_CR2,0,90,133_.jpg"
208,The Deer Hunter,1978,3h 3m,8.1 (385K),"https://m.media-amazon.com/images/M/MV5BZGI4YmVhMzMtMWExMS00MGZiLTg2MmItM2I2MWZjODAyM2U5XkEyXkFqcGc@._V1_QL75_UY133_CR0,0,90,133_.jpg"
209,The Wages of Fear,1953,2h 36m,8.1 (73K),"https://m.media-amazon.com/images/M/MV5BMDdhOGMwODQtZGM2MS00NGQxLWEyZDMtOTkzMjFjYjI3ZmM2XkEyXkFqcGc@._V1_QL75_UY133_CR1,0,90,133_.jpg"
210,The General,1926,1h 18m,8.1 (106K),"https://m.media-amazon.com/images/M/MV5BMTVhM2Y1MDUtMDkxYi00Y2UxLWI2MTMtZjMzYTY4ODM4MGIzXkEyXkFqcGc@._V1_QL75_UX90_CR0,0,90,133_.jpg"
211,Logan,2017,2h 17m,8.1 (919K),"https://m.media-amazon.com/images/M/MV5BM2JjODdkMGMtNmY2YS00OGM2LThiY2YtZGYyNzE4Nzc2ODA0XkEyXkFqcGc@._V1_QL75_UX90_CR0,1,90,133_.jpg"
212,Rocky,1976,2h,8.1 (683K),"https://m.media-amazon.com/images/M/MV5BZDEyY2M2MGMtYjg5OC00ZWFjLWFkZDQtNmQzZTdiYmYzZTBkXkEyXkFqcGc@._V1_QL75_UX90_CR0,2,90,133_.jpg"
213,Mr. Smith Goes to Washington,1939,2h 9m,8.1 (129K),"https://m.media-amazon.com/images/M/MV5BMDU4ZjNmMjEtMjcxYi00NDAxLWFlMjQtNWIyNjg5NWUzNTdjXkEyXkFqcGc@._V1_QL75_UX90_CR0,1,90,133_.jpg"
214,On the Waterfront,1954,1h 48m,8.1 (177K),"https://m.media-amazon.com/images/M/MV5BZDJlYTM1ZGYtZTM4YS00MzFhLThiZjktYzQ0ZjAzMGYwZTU3XkEyXkFqcGc@._V1_QL75_UX90_CR0,1,90,133_.jpg"
215,Tokyo Story,1953,2h 17m,8.1 (77K),"https://m.media-amazon.com/images/M/MV5BODdkNzcxZjItMDU2Yy00Y2JlLWFkYTQtNzIwM2Q4MWU5MTU2XkEyXkFqcGc@._V1_QL75_UY133_CR1,0,90,133_.jpg"
216,Pirates of the Caribbean: The Curse of the Black Pearl,2003,2h 23m,8.1 (1.3M),"https://m.media-amazon.com/images/M/MV5BNDhlMzEyNzItMTA5Mi00YWRhLThlNTktYTQyMTA0MDIyNDEyXkEyXkFqcGc@._V1_QL75_UX90_CR0,0,90,133_.jpg"
217,Wild Strawberries,1957,1h 32m,8.1 (124K),"https://m.media-amazon.com/images/M/MV5BZWQ5MDllM2EtZWRmNS00MmZiLWI4ZWQtMjRiY2Q5MTAxODY4XkEyXkFqcGc@._V1_QL75_UX90_CR0,2,90,133_.jpg"
218,Spotlight,2015,2h 9m,8.1 (532K),"https://m.media-amazon.com/images/M/MV5BMjIyOTM5OTIzNV5BMl5BanBnXkFtZTgwMDkzODE2NjE@._V1_QL75_UY133_CR0,0,90,133_.jpg"
219,La haine,1995,1h 38m,8.1 (223K),"https://m.media-amazon.com/images/M/MV5BMThlMDA3NDYtZGM2Zi00NmJhLThlYWItZjViZTkzZWU1ZWRiXkEyXkFqcGc@._V1_QL75_UX90_CR0,0,90,133_.jpg"
220,A Silent Voice: The Movie,2016,2h 10m,8.2 (138K),"https://m.media-amazon.com/images/M/MV5BOTFiNzRiOWEtYTQwNy00NmRiLWE0ZWYtNTE0YjExZjFmZjkwXkEyXkFqcGc@._V1_QL75_UY133_CR1,0,90,133_.jpg"
221,The Terminator,1984,1h 47m,8.1 (997K),"https://m.media-amazon.com/images/M/MV5BZmE0YzIxM2QtMGNlMi00MjRmLWE3MWMtOWQzMGVjMmU0YTFmXkEyXkFqcGc@._V1_QL75_UX90_CR0,1,90,133_.jpg"
222,Maharaja,2024,2h 21m,8.3 (80K),"https://m.media-amazon.com/images/M/MV5BOTFlMTIxOGItZTk0Zi00MTk2LWJiM2UtMzlhZWYzNjQ4N2Y3XkEyXkFqcGc@._V1_QL75_UY133_CR5,0,90,133_.jpg"
223,The Third Man,1949,1h 44m,8.1 (194K),"https://m.media-amazon.com/images/M/MV5BNGVjMTMxZTQtMmVlNy00YmI0LWJjMDUtYTgyZWU1Njg5ZGRiXkEyXkFqcGc@._V1_QL75_UX90_CR0,0,90,133_.jpg"
224,The Sound of Music,1965,2h 54m,8.1 (289K),"https://m.media-amazon.com/images/M/MV5BYWJhYmU4MjQtZDJhYi00ZGVjLTlkNTEtNzkzNGVjOWQ3MjcwXkEyXkFqcGc@._V1_QL75_UX90_CR0,1,90,133_.jpg"
225,Jai Bhim,2021,2h 44m,8.6 (233K),"https://m.media-amazon.com/images/M/MV5BZjEyNDIzNmEtMjdkYS00ZDAwLTljOWYtNDRhYTVhYTlmOTk1XkEyXkFqcGc@._V1_QL75_UY133_CR8,0,90,133_.jpg"
226,The Big Lebowski,1998,1h 57m,8.1 (912K),"https://m.media-amazon.com/images/M/MV5BY2E3OWQ5OWYtYTRkMC00NjVjLWIzZDQtNmRmM2ZiYTIyYmYxXkEyXkFqcGc@._V1_QL75_UY133_CR0,0,90,133_.jpg"
227,The Best Years of Our Lives,1946,2h 50m,8.1 (77K),"https://m.media-amazon.com/images/M/MV5BNTgxMzUyODQtMDJmZC00ZGMyLWI3MzAtZTYwYjBjZjFmMzIxXkEyXkFqcGc@._V1_QL75_UX90_CR0,1,90,133_.jpg"
228,The Seventh Seal,1957,1h 36m,8.1 (215K),"https://m.media-amazon.com/images/M/MV5BZDlmYTkzOWUtODQ0MS00MmM4LWE3ZjMtYTEwNGUwMmJkYzIxXkEyXkFqcGc@._V1_QL75_UY133_CR1,0,90,133_.jpg"
229,Room,2015,1h 58m,8.1 (478K),"https://m.media-amazon.com/images/M/MV5BMjE4NzgzNzEwMl5BMl5BanBnXkFtZTgwMTMzMDE0NjE@._V1_QL75_UX90_CR0,0,90,133_.jpg"
230,Before Sunset,2004,1h 20m,8.1 (313K),"https://m.media-amazon.com/images/M/MV5BMTQ1MjAwNTM5Ml5BMl5BanBnXkFtZTYwNDM0MTc3._V1_QL75_UY133_CR0,0,90,133_.jpg"
231,Hotel Rwanda,2004,2h 1m,8.1 (391K),"https://m.media-amazon.com/images/M/MV5BY2FmMWRmZmQtN2IzMS00OGVmLWFmNjktMTM0YWQzODcwYTEwXkEyXkFqcGc@._V1_QL75_UY133_CR0,0,90,133_.jpg"
232,Platoon,1986,2h,8.1 (470K),"https://m.media-amazon.com/images/M/MV5BZjE4YjllODAtZGMxZS00Mjg2LThkOWUtZjNkMjQ5YThiNDU4XkEyXkFqcGc@._V1_QL75_UX90_CR0,4,90,133_.jpg"
233,The Incredibles,2004,1h 55m,8.0 (892K),"https://m.media-amazon.com/images/M/MV5BMTY5OTU0OTc2NV5BMl5BanBnXkFtZTcwMzU4MDcyMQ@@._V1_QL75_UX90_CR0,0,90,133_.jpg"
234,Chainsaw Man - The Movie: Reze Arc,2025,1h 40m,8.3 (47K),"https://m.media-amazon.com/images/M/MV5BZmMzNGVhODktYmU5MS00MDg1LThlNTEtNTMyYTg5MDA0Njk4XkEyXkFqcGc@._V1_QL75_UX90_CR0,0,90,133_.jpg"
235,Hachi: A Dog's Tale,2009,1h 33m,8.1 (340K),"https://m.media-amazon.com/images/M/MV5BNTU5NjYyYTgtZGQ3My00MzRhLThjNGYtZmVjN2JjYjhkMjhhXkEyXkFqcGc@._V1_QL75_UX90_CR0,0,90,133_.jpg"
236,The Exorcist,1973,2h 2m,8.1 (495K),"https://m.media-amazon.com/images/M/MV5BZjg3YjE4ZjAtYTdmYS00ZTBkLWE1ZjgtNzAzODUwNzRiYjlmXkEyXkFqcGc@._V1_QL75_UX90_CR0,2,90,133_.jpg"
237,Rush,2013,2h 3m,8.1 (555K),"https://m.media-amazon.com/images/M/MV5BMTZhOGQxM2ItNGQyYy00YzE5LWI5MjMtNmMzNGQzNDE1OTUzXkEyXkFqcGc@._V1_QL75_UX90_CR0,0,90,133_.jpg"
238,The Wizard of Oz,1939,1h 42m,8.1 (465K),"https://m.media-amazon.com/images/M/MV5BYWRmY2I0MGItYTQ0OC00NWZmLWIwMDktYjJlNDc0MzVhMmViXkEyXkFqcGc@._V1_QL75_UX90_CR0,2,90,133_.jpg"
239,The Iron Giant,1999,1h 26m,8.1 (257K),"https://m.media-amazon.com/images/M/MV5BODM4ZjZjMGEtYmFiMy00MThjLWIzZjUtMDU0ODg1NTI2MzIwXkEyXkFqcGc@._V1_QL75_UX90_CR0,0,90,133_.jpg"
240,Stand by Me,1986,1h 29m,8.1 (483K),"https://m.media-amazon.com/images/M/MV5BNGJkNTUwM2MtZWE2MS00YjNkLWE3MjktNWQwZDQxMDIyZWVmXkEyXkFqcGc@._V1_QL75_UX90_CR0,4,90,133_.jpg"
241,The Passion of Joan of Arc,1928,1h 54m,8.1 (68K),"https://m.media-amazon.com/images/M/MV5BNTE1MDliZjgtYTU2Yy00YjAxLTljYTItNDE2ZGYwYTY1MGQ1XkEyXkFqcGc@._V1_QL75_UX90_CR0,4,90,133_.jpg"
242,My Father and My Son,2005,1h 52m,8.2 (100K),"https://m.media-amazon.com/images/M/MV5BZDE3MTBkNmQtNGFjMC00YTcwLWExY2ItN2MyMGZkNWJlMmFmXkEyXkFqcGc@._V1_QL75_UX90_CR0,1,90,133_.jpg"
243,The Battle of Algiers,1966,2h 1m,8.1 (75K),"https://m.media-amazon.com/images/M/MV5BMTY2Mjk0OGEtYTM3Yy00ZWZiLWFhNjAtNGExMjEzNGVmMDMxXkEyXkFqcGc@._V1_QL75_UX90_CR0,2,90,133_.jpg"
244,The Handmaiden,2016,2h 25m,8.1 (200K),"https://m.media-amazon.com/images/M/MV5BOTllZDI1OGItOGUxNS00OGZhLWIzMjAtYzllZTY1YTA0ZmYwXkEyXkFqcGc@._V1_QL75_UY133_CR1,0,90,133_.jpg"
245,Network,1976,2h 1m,8.1 (185K),"https://m.media-amazon.com/images/M/MV5BY2E4ZGJiNTMtZTAxZC00MmVlLWI1NjYtMGVhMjhkOGEwZDhjXkEyXkFqcGc@._V1_QL75_UX90_CR0,2,90,133_.jpg"
246,To Be or Not to Be,1942,1h 39m,8.1 (49K),"https://m.media-amazon.com/images/M/MV5BMTA5OTRkZGUtNDhhOS00OThmLTgwZWYtZGZkM2M4YjZhNzc5XkEyXkFqcGc@._V1_QL75_UX90_CR0,1,90,133_.jpg"
247,Gangs of Wasseypur,2012,5h 21m,8.2 (113K),"https://m.media-amazon.com/images/M/MV5BNWQyMmJkYTItNDUyYS00MjgwLWFmYjUtOWQ1NmRjOGZlOTZhXkEyXkFqcGc@._V1_QL75_UX90_CR0,3,90,133_.jpg"
248,Drishyam,2015,2h 43m,8.2 (108K),"https://m.media-amazon.com/images/M/MV5BMDRlZWFkMjEtYmYyZi00MmE5LWIzMzUtYmM2N2M5Y2UxZDJjXkEyXkFqcGc@._V1_QL75_UY133_CR1,0,90,133_.jpg"
249,The Grapes of Wrath,1940,2h 9m,8.1 (108K),"https://m.media-amazon.com/images/M/MV5BZjIxZWJjZDktOGVhOC00Y2YyLThlMjMtOWMxYmI5MmFiN2QzXkEyXkFqcGc@._V1_QL75_UX90_CR0,1,90,133_.jpg"
250,Drishyam,2013,2h 40m,8.4 (48K),"https://m.media-amazon.com/images/M/MV5BM2MwMjNlNjctYjA2ZS00ZDA4LWJmNTYtODg5NDY1YzQzZDg2XkEyXkFqcGc@._V1_QL75_UY133_CR6,0,90,133_.jpg"
